ID,NAME,ADDR,CONTACT,WHOUSE
1,Lqxbaohm Zirlz,Idmerl Fzsipyk,673-456-803,2
2,Cxrzo Rbdjdogz,Iivsfur Wguagf,353-585-176,3
3,Zabwlyzy Fkuhgjf,Dbcwsowqo Gwfbqj,577-069-347,3
4,Ejleu Xktim,Fergnf Ficbjsrrn,920-526-214,1
5,Xigsrse Ipcvczq,Buaqdc Yuhnbg,368-930-898,3
6,Yygod Lebdfpec,Cudihse Yaftnzlxr,485-423-088,4
7,Mthpgfgd Wseszg,Sddavnnn Tbeogau,008-597-461,3
8,Rbheovcx Thvvd,Lctjee Rkszsaxql,850-663-398,4
9,Rdysckr Zpsojzuw,Cexueb Iyija,372-166-865,2
10,Ipuvtgcq Welrh,Yecmiq Xphqc,537-055-657,1
11,Qhjrpjk Cicdqpuk,Ichruxn Uhrehpbt,929-010-205,1
12,Gyewovbl Uuftvledr,Efzhn Nweff,904-246-570,4
13,Kvomkv Cthwt,Wxrxgucq Zmmvryldv,356-705-017,1
14,Xxnopakj Jlzswdq,Ihndff Mgshes,660-497-169,4
15,Inqdukvc Vuhzdy,Hrtsdfk Lxrdvepd,444-444-350,1
16,Jnyyjx Fgkygmv,Nqmvnnrxr Waiobwed,999-618-203,2
17,Anwjhml Dbabzsei,Ptlbjd Gxkjwejhq,235-076-518,2
18,Ledtdmv Gjsipm,Nlyxqw Ncwjiqys,707-405-392,4
19,Vjvjqkrlg Xpbqvil,Cxkuhdpfk Yohljxbuc,858-299-578,4
20,Gktuygb Bxozgglwn,Tgluehxfx Hopnsl,928-788-385,2
21,Sskjmd Caaan,Rzgolea Zwlnebf,697-760-993,1
22,Kubpisvvs Hstvssbuv,Cknxas Vaerv,640-896-696,3
23,Uxulzba Ekndbou,Bmghmd Aigkj,064-777-202,2
24,Zvxdezi Suimzyijd,Ivumpv Mnibjeqd,417-337-193,3
25,Eoaentfs Vhxojk,Ixcafyayi Agzej,208-283-515,1
26,Aujbikfbw Ajedzwwg,Jjzith Rlqrs,916-056-868,4
27,Whtnl Qtdcslvc,Azbkhy Cksdy,240-697-133,2
28,Anbog Zavjmyp,Llvylp Lhpwqlx,415-875-045,4
29,Dpkhy Tftzjhdk,Yrkiyh Qsdntb,777-902-309,2
30,Jvpidtch Jjdatl,Zmnrwz Trmkanaz,548-909-426,3
31,Ukqqbz Obfrcywxn,Pdrydyw Clrmvrjaz,869-730-017,1
32,Bnqfn Ecogm,Muworr Gucfzmj,038-803-514,2
33,Wwpvcp Hjokuonnn,Cgmltp Fakwknrmc,102-391-508,4
34,Hvvkplwen Jpqsvbv,Igxtlesh Athnr,257-982-412,4
35,Vbftuzemn Cfnxspy,Vrtdd Etoibovje,534-063-678,4
36,Wpaxlskfa Wcujvq,Itbbtqr Wuizddhb,068-638-045,3
37,Binkdrd Mlrkvy,Gxmbx Ajdbeqeuz,643-213-638,3
38,Vwlbwwflw Hgftuqpk,Dpxzjixy Dlvmijq,978-469-433,2
39,Kqrolgdt Qvlxov,Mbuhy Ahywztr,386-849-594,4
40,Ignvmaf Yxkirub,Nrzatbfzb Rdofdiq,426-254-698,1
41,Mgfjqr Jtipachls,Eixlipueh Zaygdlrmx,704-654-474,4
42,Njupps Kdiundpf,Gedmf Knxofi,242-409-882,4
43,Pedaul Hshvdovon,Hvulkbod Andmmjhz,634-020-367,2
44,Mvgdqurd Agktwb,Nbaphtm Gipoaul,411-970-860,4
45,Eeqtpdlou Wzxbm,Gixrvhcj Mktlbtb,632-864-407,2
46,Qrcnq Xvkauiqp,Amxeew Zvoleu,961-395-590,2
47,Nbzpk Hknrq,Znkpiftr Qyuhmeyni,157-728-210,4
48,Flcpsdgzy Svlzhp,Tluer Xerztpqpk,456-423-923,3
49,Yysudn Juzggmru,Ogfktexh Prvgg,611-877-098,4
50,Feneg Utfvvqbnq,Pqnbaagwj Lioasnm,725-077-797,3
51,Pklbjhh Flxndadx,Llfvl Lrqhlg,672-862-813,1
52,Uhapthlk Gqpzc,Ffdkqns Lopwu,963-579-774,4
53,Zfvjsvnwf Zdhasvptn,Zoxvpitsw Qpyypxfd,401-008-020,4
54,Hakoje Khbve,Uinxzeimp Ihjntn,530-732-449,2
55,Edlovup Qujmdec,Dswtsx Qnexxlj,039-739-222,2
56,Rboddzak Tnvhof,Mcutbum Ewhggjcrg,082-558-232,4
57,Qxvmwk Qxnps,Wvqklcwyd Ygliehov,294-885-350,2
58,Knklaw Hqvuexi,Gmntia Lkgwpb,264-006-106,4
59,Zmrxd Bhrmzhthv,Zfppny Exbzivavm,553-630-657,3
60,Trranv Cjkpr,Pdduxbn Lhlpj,183-791-429,4
61,Ldtdnuj Qaixfnv,Kqcxmhqng Ghrksxvae,160-169-058,2
62,Aevhzmg Rjbpoyuv,Ccyhkxbrb Axyawihmo,669-937-932,2
63,Iefuna Saigshca,Dafbnpfj Izsga,680-939-792,4
64,Fkspfpggx Eakfgc,Qhgso Cwcsvysqb,384-231-064,2
65,Kppeuoejf Oxaeq,Ndilyhgnq Npcoyi,395-886-395,1
66,Njnbnpuds Anzzygq,Wssnzeug Jvtusa,663-368-312,3
67,Qurjz Rfxhfpnyq,Jzoxj Updsmj,215-788-915,4
68,Shhcg Mledjkxd,Odzrml Xvjqunne,388-622-671,3
69,Fsybv Wncmvr,Yfszkmlgl Ldaqrz,852-641-853,4
70,Atrxnhkx Sgqizmt,Vopckmxgf Opubr,947-827-078,2
71,Hlnrbgj Jynjw,Ytsbnyf Dzoorkn,477-644-341,3
72,Mdmje Pzbdoqo,Xwwdws Kmnfjr,085-584-985,2
73,Wempea Jiwxbih,Duflkx Urown,620-450-682,2
74,Tvopimpus Hripy,Tcspxbab Xxgqoj,891-693-006,4
75,Zhzmapzk Zrxokor,Nvkhpynsi Uodbrgbrv,597-376-662,1
76,Bojvnsifh Ggkgng,Tqxjcxzgn Ukujttnj,778-844-790,3
77,Xdkeg Wzaorpb,Zruoxjma Chplzdbqx,422-700-547,2
78,Rdhto Zhpuk,Uyosmyt Rptqrm,230-178-181,4
79,Lsldryp Zhbzzvpq,Czaghq Vemekarv,855-884-918,4
80,Eypquyvge Xmjdra,Tsbozbdra Vqammtoo,928-167-152,2
81,Qnlspgxww Wtqrgdkuc,Tlzoeicv Ptotnobx,656-235-766,2
82,Xeckrnz Qnbflcqfi,Bvrlvgb Qulhspzuy,994-321-067,2
83,Kjvtmbs Cndyxbdr,Knzpj Oehxqybf,080-720-762,1
84,Wwhqredxo Frszorill,Wabdcezs Hpaalxsck,952-309-376,3
85,Sigbagntx Bwioqeevx,Meuoia Gjtwwit,008-153-134,3
86,Olojxmtg Cjikbkd,Qnmeb Mvljr,593-268-423,3
87,Tcylvv Xmtwo,Jhegtcnlj Xcbrhbh,030-921-763,1
88,Sqtke Astkugjjb,Zzymirp Uemfddn,865-728-048,3
89,Gzejk Lqvjgs,Ttxoec Gtwkmgg,643-539-587,3
90,Mzlyh Mubzdyr,Mhfeade Lgedbjzj,982-220-469,1
91,Jshaol Iolhgyih,Cnwendcgm Kapkodpy,887-857-693,3
92,Zgsxb Dhwizk,Bcuihc Vxnivot,489-616-862,1
93,Hkbetzuu Bqijoyqz,Vozvrr Rmkntineo,049-520-948,3
94,Yfuhpxw Voyzixtsz,Wahuha Cxovi,427-565-817,4
95,Hxfzyb Wkqxoi,Ajwsrzf Aoegwl,233-950-580,1
96,Thfbplr Ljxscb,Ogzoy Pjkoxv,149-516-541,2
97,Nvpko Nlfrbdbt,Zbyqr Cdolxyezt,279-169-601,1
98,Grcsi Frceamumm,Efyqocvv Qpdow,288-906-835,1
99,Rocrtepnu Sgbpna,Eodrmf Digytqj,139-496-346,2
100,Arpkew Zkqpcxah,Fhwsxwok Kvide,694-669-305,1
